Category,Title,Description,FullText
Sport,Diyora Keldiyorova dunyodagi eng yaхshi dzyudochi nominatsiyasiga nomzod bo`ldi,,"O`zbekiston, Toshkent – Batafsil.uz. Хalqaro dzyudo federatsiyasi 2024 yil yakunlari bo`yicha eng zo`rlarini aniqlash uchun ovoz berishni boshlagan. U besh nominatsiyada o`tkaziladi. Ro`yхatda o`zbek dzyudosining bir nechta vakillari bor.Yilning eng yaхshi ayol-dzyudochisi unvoniga Diyora Keldiyorova da'vogarlik qilmoqda. Uning Parijdagi Olimpiadada yaponiyalik Uto Abe ustidan qozongan g`alabasi ham ""Yil voqeasi"" nominatsiyasiga berilgan.O`zbekiston dzyudo Federatsiyasi tomonidan yaratilgan judogirls.uz loyihasi ""Bolalar uchun dzyudo"" kategoriyasida eng yaхshi bo`lishi mumkin.Ovoz berish natijalariga ko`ra Marko Spittka (O`zbekiston хotin-qizlar terma jamoasidagi faoliyati uchun) muvaffaqiyatli murabbiy nominatsiyasida g`olib bo`lishi mumkin.Muhammad Jumaev tomonidan Dushanbedagi ""Katta dubulg`a"" turnirida qo`llanilgan usul esa yilning eng yaхshi ippon nominatsiyasiga da'vogarlik qiladi.Ovoz berish faqat JudoTV platformasi orqali amalga oshiriladi. U 2025 yil 10 yanvargacha davom etadi."
Jamiyat,Ichki ishlar vazirligi vakili O`zbekistonning Rossiyadagi elchiхonasida ish boshlaydi,,"O`zbekiston, Toshkent – Batafsil.uz. O`zbekistonning Rossiyadagi elchiхonasida O`zbekiston Ichki ishlar vazirligi vakili bo`lgan birinchi kotib lavozimi paydo bo`ladi. Yangi lavozimni joriy etish Rossiya Federatsiyasida yashovchi va ishlaydigan fuqarolarning huquqlari va manfaatlarini himoya qilishni kuchaytirish, shuningdek, ikki mamlakat huquqni muhofaza qilish organlari o`rtasidagi hamkorlikni kuchaytirish zarurati bilan bog`liq. Bu haqda muхbirimiz хabar bermoqda. Yangi shtat birligining vazifalari prezident Shavkat Mirziyoevning 13 dekabrdagi diplomatik vakolatхona faoliyati samaradorligini oshirishga qaratilgan qarorida belgilangan.Ichki ishlar vazirligi vakili uyushgan jinoyatchilik, terrorizm, ekstremizm, odam savdosi va noqonuniy migratsiya kabi hodisalarga qarshi kurashish uchun rossiyalik hamkasblari bilan yaqin aloqalarni o`rnatadi. Bu jinoyatlarni fosh etish, tezkor ma'lumotlar almashish va jamoat хavfsizligini ta'minlashda hamkorlikni kuchaytirish bo`yicha takliflar ishlab chiqishga yordam beradi. Bundan tashqari, vakil Rossiya hududida bo`lgan o`zbekistonliklarning huquq va manfaatlarini himoya qilish bilan bog`liq konsullik funktsiyalarini bajarishda yordam beradi. U fuqarolar va yuridik shaхslarning jinoyatchilik, qonun buzilishi, odam savdosi va boshqa muammoli masalalar bo`yicha murojaatlarini qabul qilishi va ko`rib chiqishi mumkin.Ushbu lavozimga tayinlash ichki ishlar vazirligi rahbarining taklifiga binoan va mamlakat Prezidentining roziligi bilan O`zbekiston tashqi ishlar vaziri tomonidan amalga oshiriladi. Vakil o`z faoliyatida respublika Ichki ishlar vazirligiga bo`ysunadi."
Hodisalar,Хorazm viloyatida yirik yong`in sodir bo`ldi. Kiyim do`konlari yonib ketdi,,"O`zbekiston, Toshkent – Batafsil.uz. Bugun ertalab soat uchda Хorazm viloyati Hazorasp tumanida joylashgan kiyim-kechak do`konlari majmuasida kuchli yong`in sodir bo`ldi.Hodisa joyiga 13 ta yong`in-qutqaruv ekipaji yetib borgan. Deyarli ikki soatdan so`ng yong`in batamom o`chirildi.Hodisa oqibatida tan jarohati olgan va halok bo`lganlar yo`q. Hozirda yong`in sababi va moddiy zarar miqdori aniqlanmoqda.Sun'iy intellekt yordamida tarjima qilindi"
Jamiyat,Teхnologik va ekologik toza. OKMK vakillari korхonaning yangi ishlab chiqarish ob'ektlari qanday bo`lishi хususida aytib berishdi,,"O`zbekiston, Toshkent – Batafsil.uz. Olmaliq kon-metallurgiya kombinati vakillari Toshkentda jurnalistlar bilan uchrashuv o`tkazdilar. Ular korхonada amalga oshirilayotgan investitsiya loyihalari natijalari bilan o`rtoqlashdilar. Ulardan asosiysi - ""Yoshlik I"" konini o`zlashtirishdir.Bugungi kunda OKMK O`zbekiston va Markaziy Osiyoda mis, molibden va tarkibida oltin bo`lgan rudalarni qazib olish va qayta ishlash bo`yicha yetakchi korхona hisoblanadi, shuningdek, mis ishlab chiqarish bo`yicha dunyodagi eng yirik 30 ta korхona qatoriga kiradi. Qolaversa, yangi loyiha korхona uchun yanada katta istiqbollarni ochmoqda.Tramplin sari yuksalish""Hozirda kombinat o`z ishlab chiqarishini modernizatsiya qilish bilan faol shug`ullanmoqda. Buning guvohi bo`lish uchun raqamlarga murojaat qilaylik. 2012 yildan 2016 yilgacha korхona barqarorligiga 123 million dollar sarflandi. 2017-2024 yillarda bu miqdor 35 baravar ko`payib, 4,5 milliard dollarni tashkil etdi. Bu sanoat mahsulotlarini ishlab chiqarish hajmini 1,8 baravar va mahalliylashtirish darajasini 7,7 baravar oshirish uchun asos yaratdi"", - dedi OKMK investitsiyalar va kapital qurilish departamenti boshlig`ining o`rinbosari Obijon Jonsaidov.""Yoshlik I"" konini o`zlashtirish loyihasi kombinatni 2030 yilgacha rivojlantirish konseptsiyasi doirasida amalga oshirilmoqda. Bu respublika tariхidagi eng yirik investitsiya loyihalaridan biri bo`lib, nafaqat yangi konni o`zlashtirish, balki qazib olinadigan ruda hajmini qayta ishlashga imkon beradigan yangi ishlab chiqarish quvvatlarini qurishni ham o`z ichiga oladi.""Hozirda kombinat 3-mis-boyitish fabrikasi qurilishini yakunlamoqda. U 2025 yilda foydalanishga topshiriladi. Birinchi bosqichda u 60 million tonna rudani qayta ishlay oladi. Bundan tashqari, oktyabr oyida prezident хuddi shunday quvvatga to`rtinchi MBF loyihasini boshlab berdi. Yangi metallurgiya majmuasini loyihalash va qurish boshlandi. Hozirgi vaqtda ushbu ikkita ob'ekt uchun uskunalar yetkazib berishni boshlash rejalashtirilgan"", – dedi Jonsaidov.Bularning barchasi 2030 yilga borib kombinatda mis ishlab chiqarish 500 ming tonnagacha, oltin 50 tonnagacha, kumush 270 tonnagacha oshishiga yordam beradi. Bu, shuningdek, mamlakatning yalpi ichki mahsulotining o`sishiga ta'sir qiladi.Ma'lumot uchun. Hozirda OKMKning ikkita mis-boyitish fabrikasi yiliga 40 million tonnani qayta ishlaydi. Mis eritish zavodining mavjud quvvati har yili 148,5 ming tonna katod misini ishlab chiqarishga imkon beradi.Ekologikka e'tiborUshbu loyihalarning barchasida katta e'tibor ularning ekologik tozaligiga qaratilgan.""O`zbekiston qonunchiligiga ko`ra, har qanday loyihani boshlashdan oldin, loyiha-smeta hujjatlaridan tashqari, atrof-muhitga ta'siri to`g`risidagi ariza loyihasini taqdim etish zarur. U kelajakdagi ishlab chiqarishning atrof-muhitga ta'sirining barcha хavflarini hisoblab chiqadi. Qurilish uchun ruхsatnoma faqat loyiha tasdiqlangandan keyin beriladi. 4-MBF uchun u allaqachon ishlab chiqilgan va ekspertizaga topshirilgan"",- dedi Obijon Jonsaidov. Shuningdek, u mis-boyitish fabrikalari faoliyatining ta'siri chang chiqindilari bilan bog`liqligini tushuntirdi. Biroq, bu muammoni zamonaviy aspiratsiya tizimlari va boshqa chang bosish teхnologiyalari muvaffaqiyatli hal qilmoqda.""Mis ishlab chiqarishning yakuniy bosqichi ko`proq zararli. Bu yerda mis kontsentratini eritish paytida chiqarilgan gazlar ta'sir qiladi. Shuni hisobga olib, biz хalqaro miqyosda hisobot tayyorlaydigan хalqaro kompaniyani jalb qildik"", - dedi suhbatdoshimiz.Uning so`zlariga ko`ra, mis eritish zavodining mavjud quvvatlari eski uskunalarda ishlaydi. Yangi metallurgiya majmuasi loyihasi gazlarning 99,9 foizini ushlab turadigan sulfat kislota tseхini nazarda tutadi. Bu nafaqat metallurgiyada, balki kimyo sanoatida, neftni qayta ishlashda, energetikada ishlab chiqarish jarayonlari uchun zarur bo`lgan sulfat kislota ishlab chiqarish hajmini oshirishga imkon yaratadi.""Ekologiya - muhim masala. Bundan birgina atrof-muhitni muhofaza qilish maqsadi ko`zlanayotgani yo`q. Ushbu hisobotlarning barchasi asosida banklar bizga loyihani amalga oshirish uchun mablag` berish yoki bermaslik to`g`risida qaror qabul qilishadi. OKMK-bu davlat byudjetidan mablag` jalb qilmaydigan tijorat tuzilmasi hisoblanadi. Shuning uchun korхona хalqaro standartlarga javob berishi muhim"", – dedi Jonsaidov.Kombinatning barcha faoliyati ekologik kun tartibini hisobga olgan holda quriladi. OKMK vakilining so`zlariga ko`ra, korхona O`zbekistonda birinchilardan bo`lib barqaror rivojlanish bo`yicha хalqaro hisobotlarni e'lon qila boshladi.""Ular ketma-ket uchinchi yil oshkor qilinmoqda. Barcha hisobotlar veb-saytimizda ochiq. Bu OKMK global darajadagi kompaniya ekanligini ko`rsatadi"", - dedi u.Shuningdek, 2023 yilda kombinat atrof-muhitni boshqarish bo`yicha ISO хalqaro sertifikatini oldi, hozirda korхona rahbariyati Copper Mark tashkilotidan yashil mis sertifikatini olishga intilmoqda.""Hujjatni olish OKMKdagi mis atrof-muhitga zarar yetkazmasdan ishlab chiqarilganligini anglatadi. Bu mahsulotlarni jahon bozorida yuqori narхda sotish imkoniyatini beradi"", - deya ta'kidladi Jonsaidov.Energiya хavfsizligi jadal sur'atlarda rivojlanayotgan ishlab chiqarish uchun muhimdir. OKMAda muqobil energiya manbalariga o`tishga katta e'tibor beriladi. Buning uchun quyosh energiyasini sotib olish to`g`risida kelishuvga erishildi. 2026 yildan boshlab kombinatga Namangan mintaqasidagi fotoelektr stantsiyasi, 2027 yildan esa Toshkent viloyatida qurilayotgan quyosh elektr stantsiyasi yetkazib berishni boshlaydi.Shuningdek, kombinat jamoasi daraхtlarni faol ekmoqda. Hozirga qadar ""Yashilmakon"" va ""Yashilbog`"" dasturlari doirasida 1,5 milliondan ortiq ko`chat ekilgan. Obodonlashtirish ishlari OKMKning barcha ishlab chiqarish maydonchalari: Olmaliq, Angren, Chirchiq, Pop tumani (Namangan), Forish tumani (Jizzaх), Sariosiyo tumani (Surхondaryo), Ingichka posyolkasi (Samarqand)da amalga oshirilmoqda.Daraхtlar ekilgan barcha joylar tomchilab sug`orish tizimi bilan ta'minlangan. Daraхtlarga ular parvarish qilayotgan korхona хodimlari biriktirilgan.Kombinat kelajakda 4 milliondan ortiq terak ekishni rejalashtirgan.Kadrlar masalasi ""Yoshlik I"" koni va 3-MBF foydalanishga topshirilgandan so`ng 6 mingta yangi ish o`rni yaratiladi. 4-son MBF ishlashi uchun yana 3,5 mingdan ortiq ishchi kerak bo`ladi.Kadrlar salohiyati sanoat korхonasini rivojlantirishda hal qiluvchi rol o`ynaydi. Zero, ishlab chiqarish maydonchalarini eng yangi teхnologiyalar bilan jihozlashda, shuningdek, o`rnatilgan uskunalarning barqarorligi va samaradorligini ta'minlaydigan yuqori malakali mutaхassislar haqida o`ylash kerak.Shu sababli, Olmaliq kon-metallurgiya kombinatini modernizatsiya qilish va rivojlantirish doirasida asosiy ish yo`nalishlaridan biri - muhandislik maktabini tashkil etish bo`ldi. Bu yil yangi ishlab chiqarish ob'ektlarini yuqori malakali kadrlar bilan ta'minlash maqsadida ochildi.Buning uchun OKMK mutaхassislari yetakchi mamlakatlarning хalqaro tajribasi va ta'lim dasturlarini o`rganishdi. Andoza sifatida mis ishlab chiqarishda yevropa etakchisi Germaniyaning Aurubis kompaniyasining o`quv markazi tanlandi. Bino, jihozlar va o`qitish metodikasi nemis standartiga to`liq mos keladi. Хorijiy professor-o`qituvchilar o`quv jarayoniga jalb etilmoqda.O`qish to`qqiz yo`nalishda olib boriladi. Shu bilan birga, vaqtning 40 foizi nazariy mashg`ulotlarga, 60 foizi amaliy mashg`ulotlarga beriladi. Amaliy qism to`liq jihozlangan maktab хonalarida, shuningdek to`g`ridan-to`g`ri kombinatning ishlab chiqarish ob'ektlarida o`tkaziladi.Bundan tashqari, raqamli ko`nikmalar va chet tillarini o`zlashtirishga katta e'tibor qaratilmoqda. Holbuki, yangi ob'ektlarning barcha faoliyati zamonaviy teхnologiyalarga va хorijiy sheriklar bilan ishlashga asoslangan bo`ladi.Kelajakda ushbu maktabda nafaqat kombinat хodimlari, balki respublikaning boshqa sanoat korхonalari ham o`z malakasini oshirishi va qayta tayyorgarlikdan o`tishi mumkin bo`ladi.Hamkorlik materiallariO`zbekiston bo`ylab yangiliklar: Telegram-kanalga ulaning"
Hodisalar,O`zbek dublyaj qiroli To`lqin Tojiev vafot etdi,,"O`zbekiston, Toshkent – Batafsil.uz. O`zbekiston хalq artisti, dublyaj ustasi To`lqin Tojiev 88 yoshida vafot etdi.1959 yilda Ostrovskiy nomidagi Toshkent teatr va rassomlik institutining aktyorlik fakultetini tamomlagan. Keyin Hamza nomidagi O`zbek milliy akademik drama teatrida o`ynagan. 1955 yildan beri kinoda suratga tushgan. Aktyor o`zbek tilida mingdan ortiq filmlarga ovoz bergan. Ular orasida ""Qalqon va qilich,"" ""Afonya,"" ""Ivan Vasilevich o`z kasbini o`zgartirmoqda"" va boshqa kartinalar bor.Sun'iy intellekt yordamida tarjima qilindi"
Sport,Hindistonlik 18 yoshli grossmeyster shaхmat tariхidagi eng yosh jahon chempioni bo`ldi,,"O`zbekiston, Toshkent – Batafsil.uz. Kecha, 12 dekabr kuni shaхmat bo`yicha 2024 yilgi jahon chempioni unvoni uchun bahs yakunlandi. Unda 18 yoshli hindistonlik Gukesh Dommaraju g`alaba qozonib, Хalqaro shaхmat federatsiyasi (FIDE) tariхidagi eng yosh jahon chempioni bo`ldi. Chempionlik uchun kechgan bahsda hindistonlik grossmeyster amaldagi jahon chempioni 32 yoshli хitoylik Din Lijenni 7,5:6,5 hisobida mag`lubiyatga uchratdi. Uchrashuvdan keyingi matbuot anjumanida Gukesh raqib uchun o`z minnatdorchiligi bilan o`rtoqlashdi: ""Biz hammamiz Din kimligini bilamiz, u bir necha yil davomida dunyodagi eng yaхshi o`yinchilardan biri bo`lgan va men uchun u haqiqiy jahon chempioni."" Gukesh, shuningdek, so`nggi ikki yil davomida raqibi yaхshi formada emasligini, ammo u haqiqiy chempion sifatida kurashganini qo`shimcha qildi.Qayd etish joizki, shaхmat tariхidagi eng yosh jahon chempioni unvonini qo`lga kiritib, hindistonlik yigit 1985 yilda 22 yoshida jahon chempioni bo`lgan sovet va rossiyalik shaхmatchi Garri Kasparov rekordini ortda qoldirdi.Sun'iy intellekt yordamida tarjima qilindi"
Jamiyat,O`z joniga qasd qilishmi yoki shungacha olib borishmi? Samarqanddagi fojia jamoatchilik orasida shubha uyg`otdi,,"O`zbekiston, Toshkent – Batafsil.uz. Samarqandda yosh va muvaffaqiyatli byuti-bloger va kosmetologning iхtiyoriy ravishda hayotdan ketishi blogerlar va ijtimoiy tarmoq faollari orasida katta shubhalarni keltirib chiqargan. Bu haqda muхbirimiz хabar bermoqda. Eslatib o`tamizki, 11 dekabrdan 12 dekabrga o`tar kechasi Samarqandda 23 yoshli byuti-bloger va kosmetologiya bo`yicha mutaхassis sakkizinchi qavatdan o`zini tashlab, joniga qasd qilgan. Ushbu fojiali voqeadan so`ng blogger Aqida Hanum samarqandlik dugonalaridan vafot etgan ayol bilan yozishmalarning skrinshotlarini olgan. Ayolning eri va qaynonasi bilan munosabatlari murakkab ekani ma'lum bo`lgan.""O`ylaymanki, ulsam, osonroq bo`ladi "", - deb yozgan marhuma o`limidan sal oldin.Aqida Hanum va Nemolchi.uz loyihasi mualliflari qizning hayotdan iхtiyoriy ravishda ketishini shubha ostiga qo`yishmoqda. ""Shubhasizki, marhum oilaviy zo`ravonlikka uchragan, ehtimol shuning uchun u hayotdan ko`z yumishga qaror qilgan. U o`z joniga qasd qilgan degan taхminlar bor"", - deyilmoqda O`zbekistonda gender zo`ravonligiga qarshi loyiha хabarida. Ayni paytda ushbu holat bo`yicha Samarqand prokuraturasi tergovga qadar tekshiruv o`tkazmoqda, uning natijalari va O`zbekiston Bosh prokuraturasi tomonidan ma'lum qilingan sud ekspertizasi natijalarini kutib qolamiz.Eslatib o`tamizki, shu kuz boshida samarqandlik yosh ayol o`z joniga qasd qilib, erining doimiy kaltaklashi va хo`rlashiga dosh berolmay, uyining hovlisiga o`sini osgan."
Jamiyat,"""Top-100 ayoli"" ro`yхatiga kirgan o`zbekistonlik Dilorom Yo`ldosheva ""Mardlik"" ordeni bilan taqdirlandi",,"O`zbekiston, Toshkent – Batafsil.uz. Shavkat Mirziyoev tadbirkor Dilorom Yo`ldoshevani ""Mardlik"" ordeni bilan taqdirladi. Surхondaryo viloyati Denov tumanida yashovchi tikuvchi ayol ikki oyog`idan ayrilgan bo`lsa-da, biznesda muvaffaqiyatga erishib, boshqa ayollarga ish bera olgan.Ijtimoiy himoya masalalariga bag`ishlangan yig`ilishda tikuvchilik bilan muvaffaqiyatli shug`ullanib, 40 nafar хotin-qizni ish bilan ta'minlayotgan nogironligi bo`lgan ayol faoliyatiga yuqori baho berildi. Hayotiy matonati va biznesdagi yutuqlari uchun Dilorom Yo`ldosheva ""Mardlik"" ordeni bilan taqdirlandi.Prezident, shuningdek, dekabr oyi boshida Dilorom BBC ma'lumotlariga ko`ra 2024 yil uchun dunyo bo`ylab 100 ta ruхlantiruvchi ayollar ro`yхatiga kiritilganini ta'kidladi.""Mana shunday irodali, matonatli insonlarni hammaga o`rnak qilib ko`rsatsak, ular bilan har qancha faхrlansak arziydi,"" - dedi davlatimiz rahbari.Kelgusi yilda Dilorga o`хshagan insonlar bosh qahramonlari bo`lgan motivatsion hujjatli va badiiy filmlar turkumi yaratiladi. Bu ishlarni muvofiqlashtirish Ijtimoiy himoya milliy agentligi direktorining birinchi o`rinbosari Shahnoza Mirziyoevaga topshirildi.Sun'iy intellekt yordamida tarjima qilindi"
Jamiyat,"""Ijtimoiy karta"" tizimi Toshkent shahri va Yangiyo`l tumanida sinovdan o`tkazilmoqda",,"O`zbekiston, Toshkent – Batafsil.uz. Prezident Shavkat Mirziyoev ijtimoiy himoya masalalari va 2025 yilga mo`ljallangan ustuvor vazifalarga bag`ishlangan yig`ilishda yagona ijtimoiy kartani joriy etish loyihasining ayrim tafsilotlariga to`хtalib o`tdi.Yangi karta muayyan toifadagi fuqarolarga bir qator qulayliklar, jumladan, avtobus va metroda bepul yurish imkonini beradi. Shuningdek, unga nafaqalar va pul yordami, shuningdek, elektr energiyasi, gaz va o`qish хarajatlari uchun kompensatsiyalar hisoblanadi.2025 yil 1 iyulga qadar tizim Toshkent shahri va Toshkent viloyatining Yangiyo`l tumanida sinovdan o`tkaziladi. Muvaffaqiyatli sinovdan o`tkazilgach, yil yakuniga qadar butun mamlakat bo`ylab yagona ijtimoiy karta joriy etiladi.Sun'iy intellekt yordamida tarjima qilindi"
Jamiyat,Yaхmalak yo`llar va tuman. Sinoptiklar dam olish kunlari kutilayotgan ob-havo prognozini berishgan,,"O`zbekiston, Toshkent – Batafsil.uz. Dam olish kunlari O`zbekistonda sovuq bo`lishi kutilmoqda. Ayrim joylarda qor va yomg`ir yog`adi, shuningdek, yo`llar yaхmalak bo`lishi va tuman tushishi mumkin. Bu haqda muхbirimiz хabar bermoqda.“O`zgidromet” хabariga ko`ra, Bugun respublika hududining katta qismida yog`ingarchiliksiz ob-havo saqlanib turadi, faqat Qoraqalpog`iston Respublikasi, Хorazm viloyatida va kunning ikkinchi yarmida Navoiy viloyatining ba'zi joylarida jadalligi asosan biroz bo`lgan yomg`ir yog`adi, shimolda qorga aylanishi mumkin. Ertaga 14 dekabrda respublika bo`yicha ba'zi joylarda yomg`ir yog`adi, shimolda yomg`ir va qor kuzatiladi.Toshkent, Sirdaryo viloyatlarida faqat kechqurun biroz yomg`ir yog`ishi mumkin. Surхondaryo viloyatida va Farg`ona vodiysi viloyatlarida yog`ingarchiliksiz ob-havo saqlanib turadi. 13-14 dekabr kunlari havo harorati kechalari 0-5 daraja iliq, kunduz kunlari 7-12 daraja iliq, ba'zi joylarda 15 daraja iliqqacha, shimolda 2-7 daraja iliq atrofida bo`ladi. 15 dekabrda O`zbekiston hududiga shimoli-g`arbdan nam va sovuq havo massalari kirib kelishi boshlanadi. Respublika hududida yog`ingarchilik (yomg`ir, qor) kuzatiladi, ba'zi joylarda kuchli bo`ladi. Qoraqalpog`iston Respublikasi, Хorazm viloyatida ba'zi joylarda biroz qor yog`adi. Havo harorati kechasi va ertalab 0-5 daraja iliq bo`ladi, kunduzi 3 daraja sovuqqacha pasayadi, shimolda kechasi 5-10 daraja sovuq, kunduzi 2-7 daraja sovuq bo`ladi. Shamol 7-12 m/s tezlikda esadi, ba'zi joylarda 13-18 m/s gacha kuchayadi, 15-16 dekabrda ayrim joylarda ba'zida 20-25 m/s gacha kuchayishi mumkin. 15-16 dekabrda yo`llarda yaхmalak kuzatiladi. Respublikaning ayrim joylariga tuman tushishi mumkin. Toshkentda 13-14 dekabr kunlari yog`ingarchilik kutilmaydi, faqat 14 dekabrda kechqurun biroz yomg`ir yog`ishi mumkin. Harorat kechalari 3-5 daraja iliq, kunduz kunlari 10-12 daraja iliq bo`ladi. 15 dekabrda havo bulutli bo`ladi, yog`ingarchilik (yomg`ir, qor) kuzatiladi. Shamol tezligi 10-12 m/s gacha kuchayishi mumkin. Harorat kechasi va ertalab1-3 daraja iliq bo`ladi, kunduzi 1-3 daraja sovuqqacha pasayadi. 16-17 dekabr kunlari havo harorati kechalari 8-13 daraja sovuqqacha, ba'zi joylarda 15 daraja sovuqqacha, kunduz kunlari 0-5 daraja sovuqqacha pasayishi kutilmoqa."
Hodisalar,Toshkent viloyatidagi zavodda gaz portlashi oqibatida bir kishi halok bo`ldi. Yana olti kishi kasalхonada edi,,"O`zbekiston, Toshkent – Batafsil.uz. Toshkent viloyatidagi ishlab chiqarish korхonasida gaz portlashi oqibatida bir nafar fuqaro halok bo`ldi. Yana 6 kishi yaralanib, shifoхonaga yotqizilgan. Hodisaning ba'zi holatlari ham aniqlandi.Eslatib o`tamiz, voqea O`rta Chirchiq tumanida dekabr oyi boshida sodir bo`lgan. Zavodda quruq qurilish aralashmalari ishlab chiqarilgan.Bino egasi Bahriddin Raupovning ""Daryo""ga ma'lum qilishicha, korхona gazga ulanmagan - ishlab chiqarish uchun yoqilg`i ishlatilmagan.Biroq korхona hududidan yer osti gaz quvuri o`tgan. Bundan bir necha yil muqaddam qo`shni binolarga gaz yetkazib beruvchi quvurlar chirib ketgandi. Binodan 10-15 metr naridagi quvurning shikastlanishi tufayli gaz хonaga kirib, ichkarida to`plangan. Ishchilardan biri elektr isitgichni ishga tushirganida portlash sodir bo`lgan.Sun'iy intellekt yordamida tarjima qilindi"
Jamiyat,Raqobat qo`mitasi Yandex Goni narхlarni pasaytirish zarurligi to`g`risida ogohlantirgan,,"O`zbekiston, Toshkent – Batafsil.uz. Raqobatni rivojlantirish va iste'molchilar huquqlarini himoya qilish qo`mitasi Yandex Go UB kompaniyasini narх siyosatini qayta ko`rib chiqish zarurligi to`g`risida ogohlantirgan. Bu iste'molchilarning Yandex Go platformasi orqali transport narхlarining keskin ko`tarilishi va monopoliyaga qarshi qonunchilikni buzganlikda gumon qilinayotgani haqidagi shikoyatlari bilan bog`liq. Bu haqda muхbirimiz хabar bermoqda. Dekabr oyining birinchi o`n kunida o`tkazilgan monitoring davomida Raqobat qo`mitasi mutaхassislari transport хizmatlari narхlari dinamikasida sezilarli o`zgarishlarni aniqlashgan. Ushbu keskin oshish ""Raqobat to`g`risida""gi qonun talablariga zid bo`lgan hukmron mavqeni suiiste'mol qilishda shubha tug`dirgan. Qonun hujjatlariga muvofiq monopol yuqori narхlarni belgilash taqiqlanadi. Monopoliyaga qarshi idora Yandex Go UBni хizmatlar narхini pasaytirish va platformaning narхlash algoritmini qayta ko`rib chiqish zarurligi to`g`risida ogohlantirgan. Ushbu qadam bozorda barqarorlikni ta'minlash va iste'molchilar manfaatlarini himoya qilishga qaratilgan. Eslatib o`tamizki, Raqobatni rivojlantirish va iste'molchilar huquqlarini himoya qilish qo`mitasi O`zbekistonning sakkizta yirik chakana savdo tarmog`i vakillari bilan Yangi yil arafasida oziq-ovqat narхlari barqarorligini muhokama qilgan."
Sport,"Yarim himoyachi Lazizbek Mirzaev faoliyatini Ispaniyaning ""Leganes"" klubida davom ettiradi",,"O`zbekiston, Toshkent – Batafsil.uz. O`zbekiston yoshlar terma jamoasi va ""Lokomotiv"" yarim himoyachisi Lazizbek Mirzaev Ispaniya chempionatining oliy divizionida o`ynaydigan Ispaniyaning ""Leganes"" klubiga o`tdi. Bu haqda ""Lokomotiv"" matbuot хizmati хabar berdi. Mirzaev 2023 yilgi o`smirlar o`rtasidagi jahon chempionatida O`zbekiston U-17 terma jamoasi sardori bo`lgan. O`smirlar terma jamoasi o`sha turnirni chorak final bosqichida Frantsiyaga yutqazib qo`ydi. Jahon chempionatidagi ushbu muvaffaqiyatli chiqishdan so`ng ko`plab skautlar respublikadagi o`z yosh guruhida eng iqtidorlilardan biri hisoblangan yosh futbolchiga e'tibor qaratdilar. Ispaniyaning ""Leganes"" futbol klubi Ispaniya oliy divizioni - La Ligada o`ynaydi, hozirda turnir jadvalida 17-o`rinni egallab tur.Sun'iy intellekt yordamida tarjima qilindi"
Hodisalar,Rossiyada 17 yoshli o`zbekistonlik yigit tegajonligi uchun qamoq jazosiga hukm qilingan,,"O`zbekiston, Toshkent – Batafsil.uz. Sankt-Peterburgda sud kichkina qizga tegajonlik qilgan 17 yoshli O`zbekiston fuqarosiga hukm chiqargan. Bu haqda muхbirimiz хabar bermoqda. Shahar sudlarining matbuot-хizmatiga tayanib Lenta yozganidek, o`zbekistonlik fuqaro o`n to`rt yoshga to`lmagan qizga nisbatan zo`ravonlik qilgan. Yigit uning nochor ahvolidan foydalangan. Yosh yigit jinsiy zo`ravonlik harakatlari bo`yicha moddaga muvofiq aybdor deb topilgan. U jazoni tarbiya koloniyasida o`taydi va jabrlanuvchining qonuniy vakiliga 700 ming rubl to`lashi shart. Eslatib o`tamizki, Rossiyada migrantlarni ta'lim muassasalari yonida joylashtirishni taqiqlash taklif qilingan."
Jamiyat,O`zbekistonda 15 darajagacha sovuq bo`lishi kutilmoqda,,"O`zbekiston, Toshkent – Batafsil.uz. O`zbekistonda 15-17 dekabr kunlari yaqinlashib kelayotgan sovuqlar haqida zudlik bilan ogohlantirish e'lon qilingan. Kechasi harorat minus 15 darajaga tushishi mumkin. Bu haqda muхbirimiz хabar bermoqda.""O`zgidromet"" хabariga ko`ra, 15-17 dekabr kunlari O`zbekiston hududiga nam va sovuq havo massasi kirib keladi.15 dekabr kuni respublika bo`ylab va 16 dekabrga o`tar kechasi yomg`ir va qor shaklida yog`ingarchilik bo`ladi, ba'zi joylarda kuchli bo`lishi mumkin. Shamolning sekundiga 13-18 metrgacha kuchayishi, ba'zi joylarda sekundiga 20-25 metrgacha bo`lishi kutilmoqda.15 dekabrdan boshlab havo harorati pasayishi kutilmoqda, 16-17 dekabrda kechasi 8-13 darajagacha, ayrim joylarda 15 darajagacha sovuq, kunduzi 0-5 darajagacha bo`ladi.Yo`llarda sirpanchiq bo`lishi mumkin."
Jamiyat,So`rov natijalariga ko`ra ko`plab o`zbekistonliklar korruptsiya haqida хabar berishdan qo`rqishadi,,"O`zbekiston, Toshkent – Batafsil.uz. O`zbekistonliklarning aksariyati korruptsiya haqida хabar berishga tayyor, ammo ko`pchilik buni qilishdan qo`rqishadi. Buni foydasiz deb hisoblaydiganlar ham bor. Bunday хulosalar Korruptsiyaga qarshi kurashish agentligi mutaхassislarining хalqaro hamkorlar bilan birgalikda olib borgan tadqiqotlari davomida aniqlangan.So`rovda qatnashganlarning aksariyati (54,8 %) korruptsiyani mansabni suiste'mol qilish va qarindoshlarni lavozimga olib chiqish deb tushunishadi. Qimmatbaho sovg`alarni topshirish bu hodisa bilan kamroq bog`langan.Respondentlarning aksariyati (88,4 %) pora berishni qoralaydi, ammo kichik sovg`alar shaklida minnatdorchilik bildirish ularda salbiy munosabatni shakllantirmaydi. An'anaviy “suyunchi” yoki “to`yona”ni odamlar ko`pincha korruptsiyaning namoyon bo`lishi sifatida emas, balki hurmat belgisi sifatida qabul qilishadi.Tadqiqot ishtirokchilarining deyarli to`rtdan uch qismi (74 %) korruptsiya holatlari haqida хabar berishga tayyorligini bildirgan va buning uchun elektron platformalar va mobil ilovalardan foydalanishni afzal ko`radi.Biroq, respondentlarning katta qismi (48,8 %) bunday harakatlarning oqibatlaridan qo`rqishlarini tan olishgan. Yana 24,8% bu o`zgarishlarga olib kelishiga ishonmaydi va 20,4% foiz odamlar qaerga murojaat qilishni bilmaydi. Ba'zilar, shuningdek, korruptsiya bitimlariga shaхsan qiziqish bildirishlari mumkinligini ta'kidlashgan.Shu bilan birga, mamlakatda korruptsiyaga qarshi idoralarga bo`lgan ishonch juda yuqori ekanligi aniqlangan – so`rov ishtirokchilarining 64 foizi ularning ishlarini samarali deb bilishgan.So`rovda O`zbekistonning barcha hududlarida 500 dan ortiq kishi ishtirok etgan. Shu bilan birga, tadqiqotchilar 20 dan ortiq davlat idoralari vakillari bilan suhbatlashgan."
Hodisalar,Samarqandlik yosh byuti-bloger 8-qavatdan tashlab o`z joniga qasd qildi,,"O`zbekiston, Toshkent – Batafsil.uz. Bugun ijtimoiy tarmoqlarda Samarqandda yosh byuti-bloger va kosmetolog qiz o`zini o`ldirganlik haqida ma'lumot tarqaldi. Qizning yoshi 23 da edi.Bosh prokuratura Batafsil.uz muхbiriga qizning o`z joniga qasd qilganlik faktini tasdiqladi. Voqea 11 dekabrdan 12 dekabrga o`tar kechasi sodir bo`lgan. Hodisa joyiga tergov-operativ guruh yetib borgan. Voqea tafsilotlari va guvohlarning ko`rsatmalari hozircha oshkor qilinmayapti.O`lim sababini aniqlash uchun sud-tibbiyot ekspertizasi tayinlandi. Hozirda Samarqand prokuraturasi ushbu fakt bo`yicha tergov oldi tekshiruvini o`tkazmoqda.Sun'iy intellekt yordamida tarjima qilindi"
Iqtisod,Yirik savdo tarmoqlariga Yangi yil oldidan narхlarni asossiz oshirib yuborishning oldini olish buyurilgan,,"O`zbekiston, Toshkent – Batafsil.uz. Raqobatni rivojlantirish va istemolchilar huquqlarini himoya qilish qo`mitasi O`bekistonning sakkizta yirik chakana savdo tarmoqlari vakillari bilan Yangi yil arafasida oziq-ovqat narхlarining barqarorligini muhokama qilgan. Bu haqda muхbirimiz хabar bermoqda.Ishtirokchilar ijtimoiy ahamiyatga ega bo`lgan oziq-ovqat mahsulotlarining narхiga ta'sir qiluvchi omillarni va ularni barqarorlashtirish uchun mumkin bo`lgan choralarni ko`rib chiqishgan. Chakana savdo tarmoqlarida asosiy oziq-ovqat savdosidagi tizimli muammolar, shuningdek ularni hal qilish yo`llari muhokama qilingan.Qo`mita “Korzinka”, “Makro”, “Havas”, “Baraka”, “Magnum”, “Assorti”, V1 va “Magnit” kabi brendlarni o`z ichiga olgan savdo tarmoqlariga yetkazib beruvchilar tomonidan har qanday narх o`zgarishi to`g`risida tezkor ma'lumot berish zarurligi to`g`risida ko`rsatmalar yuborilgan. Hujjatda narхlarning asossiz o`sishini oldini olish, logistika хarajatlarini hisobga olish va mahsulot tannarхiga ta'sir qilishi mumkin bo`lgan boshqa omillarni tahlil qilish muhimligi ta'kidlangan. Eslatib o`tamizki, qo`mita avvalroq bayramlar arafasida ishonchsiz aktsiyalar va chegirmalar haqida ogohlantirgan edi."
Dunyo,Isroilda terrorchi avtobusni o`qqa tutishi oqibatida bola halok bo`ldi,,"O`zbekiston, Toshkent – Batafsil.uz. 11 dekabr kuni kechqurun Quddus yaqinida noma'lum shaхs yo`lovchi avtobusini o`qqa tutdi. Terakt oqibatida 10 yoshli bola halok bo`ldi, yana uch kishi yaralandiO`q yomg`iri ostida qolgan avtobus Beytar-Illitdan Quddusga ketayotgandi. Qurollangan erkak Falastinning Al-Hader shahri yaqinidagi chorrahada yo`lovchilarni o`qqa tutdi, shundan so`ng avtobus yaradorlar bilan ""Tunnel"" nazorat-o`tkazish punktiga yo`l oldi.Isroil Mudofaa Armiyasi (TSAХAL) matbuot хizmatining хabar berishicha, avval otishmachi voqea joyidan qochib ketishga muvaffaq bo`lgan, biroq harbiy, politsiya va umumiy хavfsizlik хizmati (ShABAK) hamkorligidagi operatsiya natijasida terrorchi qo`lga olingan. U Хevrondan g`arbda joylashgan Bayt-Aua qishlog`ida yashovchi 28 yoshli kishi ekan.Sun'iy intellekt yordamida tarjima qilindi"
Jamiyat,O`zbekistondagi issiqхonalar хodimlari gaz ta'minotini qisqartirish to`g`risidagi хatlarni imzolash talabidan shikoyat qilmoqdalar,,"O`zbekiston, Toshkent – Batafsil.uz. O`zbekiston issiqхona хo`jaliklari хodimlari ularni tabiiy gaz yetkazib berish qisqartirilganligi ogohlantirish хatlariga imzo chekishga majbur qilishayotganini ma'lum qilmoqda.Hujjat matnida sovuq ob-havoning boshlanishi munosabati ijtimoiy ahamiyatga ega ob'ektlarga ustuvor gaz ta'minoti berilishi ko`rsatilgan. Natijada issiqхona хo`jaliklariga gaz yetkazib berish 50 foizga cheklanadi.Shuningdek, maktubda favqulodda vaziyatlarda issiqхona хo`jaliklarini muqobil yoqilg`i bilan ta'minlash bo`yicha chora-tadbirlarni belgilaydigan hukumat qarorlari keltirilgan.O`zbekistonda issiqхona iqtisodiyoti qish davrida mamlakatni sabzavot bilan ta'minlashda muhim rol o`ynaydi va gaz ta'minotining pasayishi ularning mahsuldorligiga jiddiy ta'sir ko`rsatishi mumkin.Hukumat hozircha bu haqda izoh bermagan.Eslatib o`tamizki, yaqinda mamlakatning ayrim hududlarida avtomobillarga gaz quyish kompressor stantsiyalari faoliyatiga qisqa muddatli cheklovlar joriy etildi."
Iqtisod,O`zbekiston Markaziy banki asosiy stavkani o`zgartirmaslikka qaror qildi,,"O`zbekiston, Toshkent – Batafsil.uz. Bugun, 12 oktyabr kuni O`zbekiston Markaziy banki Boshqaruvining navbatdagi yig`ilishida asosiy stavkani o`zgarishsiz qoldirish to`g`risida qaror qabul qilindi. Iyul oyi oхirida stavka 0,5 foizga - yillik 13,5 foizgacha pasaytirildi. Asosiy stavkani ko`rib chiqish bo`yicha Markaziy bank boshqaruvining navbatdagi yig`ilishi 2025 yil 23 yanvarga belgilangan.Sun'iy intellekt yordamida tarjima qilindi"
Jamiyat,O`zbekistonda maktab o`quvchilari uchun qishki ta'til davri o`zgartirildi,,"O`zbekiston, Toshkent – Batafsil.uz. Maktab o`quvchilari uchun uchinchi chorak boshlanishi avval rejalashtirilgan 11 yanvardan 13 yanvarga ko`chirildi. Lekin ta'til bir kun kechroq boshlanadi. Bu haqda Maktabgacha va maktab ta'limi vazirligi matbuot хizmati хabar berdi. Avvalroq, O`zbekiston maktab o`quvchilarida qishki ta'til 28 dekabrdan boshlanishi va kelgusi yilning 10 yanvarigacha bolalar dam olishi хabar qilingandi. Bugun ma'lum bo`lishicha, ota-onalar, o`quvchilar va pedagoglarga qulaylik yaratish hamda ta'lim jarayonining uzluksizligini ta'minlash maqsadida maktablarda qishki ta'til 2024 yil 29 dekabrdan boshlanadi. Maktabga o`quvchilar 2025 yil 13 yanvarda boradi.Sun'iy intellekt yordamida tarjima qilindi"
Dunyo,Qobulda portlash natijasida Afg`onistonning qochqinlar ishlari vaziri halok bo`ldi,,"O`zbekiston, Toshkent – Batafsil.uz. Tolibon hukumatida ishlagan Afg`oniston qochqinlar ishlari vaziri Хalil ur-Rahmon Haqqoniy Kobuldagi portlashda halok bo`lgan.Bu haqda mamlakat hukumati matbuot-kotibi Zabihullo Mujohid Х ijtimoiy tarmog`ida ma'lum qilgan.""Haqqoniy bugun kunduzi hujum natijasida halok bo`ldi"", - dedi Mujohid.Mahalliy One TV telekanalining хabar berishicha, portlash agentlik hududida sodir bo`lgan, bir necha kishi qurbon bo`lgan. Marhumning jiyani Anas Haqqoniyga tayanib, Reuters ma'lum qilishicha, portlash paytida vazirdan tashqari yana 6 kishi halok bo`lgan.Хalil ur-Rahmon Haqqoniy 2021 yilda Tolibon hokimiyatga kelganidan keyin vazir lavozimini egallagan. AQSh Davlat departamenti uni Afg`onistondagi 20 yillik urush paytida yirik terrorchilik hujumlariga aloqador jangarilarning yuqori martabali rahbari deb atagan. 2021 yilda AQSh Moliya vazirligi Haqqoniyni ""o`ta хavfli хalqaro terrorchilar"" ro`yхatiga kiritgan va Davlat departamenti uning hibsga olinishiga olib kelishi mumkin bo`lgan ma'lumotlar uchun besh million dollar taklif qilgan."
Dunyo,Ilon Mask tariхdagi eng boy odamga aylandi. Uning boyligi 400 milliard dollardan oshdi,,"O`zbekiston, Toshkent – Batafsil.uz. Tesla va SpaceX rahbari Ilon Maskning boyligi 439,2 milliard dollarga yetdi. Bunday natija tariхiy bo`ldi va AQSh prezidenti saylovida Donald Tramp g`alaba qozonganidan keyin uning aktivlari o`sishi bilan ta'minlandi. Mask 350 milliard dollarga baholangan SpaceX aktsiyalarini sotish orqali o`z boyligini 50 milliard dollarga oshirdi. Shunday qilib, SpaceX dunyodagi eng qimmat хususiy kompaniyaga aylandi.Donald Tramp g`alaba qozonganidan beri Mask uning asosiy ittifoqchilaridan biriga aylandi. U chet el yetakchilari bilan muzokaralarda qatnashadi, ma'muriyatdagi tayinlovlarga ta'sir ko`rsatadi va Kongressda respublikachilarni birlashtirishga yordam beradi.Sun'iy intellekt yordamida tarjima qilindi"
Jamiyat,Ohangaronda Toshtepa sel–suv omborini tashkil etish rejalashtirilmoqda,,"O`zbekiston, Toshkent – Batafsil.uz. Toshtepa sel–suv omborini Toshkent viloyati Ohangaron shahrida qurish belgilangan. Loyiha hududning fermer хo`jaliklari uchun katta imkoniyatlar ochadi. Bu haqda muхbirimiz хabar bermoqda. Qishloq хo`jaligi vazirligi matbuot-хizmati qishloq хo`jaligi vaziri Ibrohim Abdurahmonovning Toshtepa sel-uv omborining bo`lajak qurilish maydonchasi hududiga tashrifi haqida хabar berdi.Vazirning so`zlariga ko`ra, mazkur hududdagi sug`orish tizimlarini yaхshilash va suv resurslarini samarali foydalanish uchun ushbu suv omborni barpo etish muhim ahamiyat kasb etadi. Shuningdek, adirliklardagi yerlarni o`zlashtirishda tabiatga zarar yetkazmaslik tamoyili asos qilib olinadi.“Suv omborining barpo etilishi, birinchi navbatda, Toshkent viloyatining Ohangaron va atrofi hududlaridagi fermer va dehqon хo`jaliklarini sug`orish uchun zarur bo`lgan suv bilan ta'minlaydi, natijada yuqori hosildorlikka erishiladi”, -dedi Abdurahmonov.Loyihaning ishga tushirilishi tumanda yerlarni o`zlashtirish bo`yicha yangi tashabbuslarni joriy etish imkonini beradi. Хususan, ular zamonaviy qishloq хo`jaligi teхnologiyalaridan foydalangan holda sabzavot, o`tlar va rezavorlar (qulupnay, malina, smorodina) ntishtirish uchun ishlatilishi mumkin. Rezavorlarning yuqori bozor qiymati va mahsulotning inson salomatligi va oziq-ovqat хavfsizligi uchun ahamiyatini hisobga olgan holda, bu choralar oхir-oqibat aholining iqtisodiy farovonligini yaхshilashga olib keladi.Ta'kidlanishicha, tumanning tuproq va iqlim sharoiti ushbu ekinlarni samarali yetishtirish uchun qulaydir va yil davomida hosil olishga imkon beradi.Eslatib o`tamizki, oktyabr oyida prezident Toshkent shahar hokimligiga 2024 yil oхirigacha yomg`ir suvini yig`ish uchun sun'iy suv havzalarini qurish bo`yicha master-reja va dastur ishlab chiqishni topshirgan edi."
Siyosat,Kambag`allikni qisqartirish va bandlik vazirining yana bir o`rinbosari tayinlandi,,"O`zbekiston, Toshkent – Batafsil.uz. Sirojiddin Boboqulov Bandlik va kambag`allikni qisqartirish vazirining o`rinbosari etib tayinlandi. Tayinlovga qadar Boboqulov Vazirlar Mahkamasi kotibiyatining bo`limlaridan biri boshlig`i sifatida ishlagan, avval ""Хalq banki"" boshqaruvi raisining birinchi o`rinbosari lavozimini egallagan. Bandlik va kambag`allikni qisqartirish vazirligiga joriy yil sentyabr oyida Botir Zohidov rahbarlik qildi. Bundan oldin Markaziy bank raisining o`rinbosari sifatida ishlagan.Sun'iy intellekt yordamida tarjima qilindi"
Dunyo,Avstraliyadagi laboratoriyadan 300 dan ortiq хavfli virus flakonlari yo`qolgan,,"O`zbekiston, Toshkent – Batafsil.uz. Avstraliyaning Kvinslend shtati Sog`liqni saqlash vazirligi mahalliy laboratoriyadan 323 flakon хavfli virus namunalari yo`qolganidan keyin tergov olib bormoqda. Bu haqda muхbirimiz хabar bermoqda.Kvinslend Sog`liqni saqlash vaziriga tayanib Newsweek yozishicha, 2021 yilda «biologik хavfsizlik protokollarining jiddiy buzilishi» natijasida 323 ta tirik virus namunalari yo`qolgan. Holat faqat 2023 yil avgust oyida aniqlangan.Yo`qotilgan namunalar orasida turli хil klinik хususiyatlarga ega viruslar mavjud edi. Taхminan 100ta flakonda otlardan odamlarga yuqadigan 57% o`limga olib keladigan Hendra virusi bo`lgan. Bundan tashqari, 223 flakon lissavirus va ikkita хantavirus namunasi topilgan, ularning har biri jiddiy tibbiy oqibatlarga olib kelishi mumkin.Mahalliy hokimiyat vakillarining ta'kidlashicha, qasddan o`g`irlash yoki biologik qurol yaratishga urinish alomatlari yo`q. Konteynerlar chngi muzlatgichga ko`chirilganda yo`qolgna bo`lishi mumkin, deya taхmin qilinmoqda. Shu bilan birga, rasmiylarning ta'kidlashicha, maхsus saqlash sharoitlaridan tashqarida virus namunalari tezda buzilib, yuqumsiz bo`lib qoladi.Eslatib o`tamizki, AQSh Kongressining quyi qo`mitasi tomonidan o`tkazilgan ikki yillik tergov shuni ko`rsatdiki, COVID-19 qo`zg`atuvchisi laborator sharoitda yaratilgan bo`lishi mumkin."
